Run Name,Task,Model,Prompt Name,Prompt,Prompt Sys Name,Prompt sytem message,Answer system message,Number of examples,Accuracy,Prompt cost,Completion cost,Total
tracking_shuffled_objects-three_objects__gpt-3.5-turbo__CoT-WS__ChatGPT-default,tracking_shuffled_objects/three_objects,gpt-3.5-turbo,CoT-WS,"Let's think about this step by step and describe how the state of the world, any values, or our knoweledge change at each step.",ChatGPT-default,You are a helpful assistant.,"You are an instruction following, problem solving agent. Only respond with the exact answer. Do not explain your answers. Do not respond with sentences. Give exactly one answer.",750,0.5906666666666667,"$0.57285, per: $0.00076","$0.25076, per: $0.00033","$0.82361, per: $0.00110"
tracking_shuffled_objects-three_objects__gpt-3.5-turbo__CoT-WS__CoT-list,tracking_shuffled_objects/three_objects,gpt-3.5-turbo,CoT-WS,"Let's think about this step by step and describe how the state of the world, any values, or our knoweledge change at each step.",CoT-list,"You are an instruction following, problem solving agent. Provide concise, practical responses to instructions. Do not explain responses. Give lists of steps.\n 1.\n 2.\n 3.\n ...","You are an instruction following, problem solving agent. Only respond with the exact answer. Do not explain your answers. Do not respond with sentences. Give exactly one answer.",750,0.6026666666666667,"$0.56538, per: $0.00075","$0.19731, per: $0.00026","$0.76269, per: $0.00102"
tracking_shuffled_objects-three_objects__gpt-3.5-turbo__CoT-WS__instruct,tracking_shuffled_objects/three_objects,gpt-3.5-turbo,CoT-WS,"Let's think about this step by step and describe how the state of the world, any values, or our knoweledge change at each step.",instruct,"You are an instruction following, problem solving assistant.","You are an instruction following, problem solving agent. Only respond with the exact answer. Do not explain your answers. Do not respond with sentences. Give exactly one answer.",750,0.6133333333333333,"$0.57715, per: $0.00077","$0.25051, per: $0.00033","$0.82766, per: $0.00110"
tracking_shuffled_objects-three_objects__gpt-3.5-turbo__CoT__ChatGPT-default,tracking_shuffled_objects/three_objects,gpt-3.5-turbo,CoT,Let's think about this step by step.,ChatGPT-default,You are a helpful assistant.,"You are an instruction following, problem solving agent. Only respond with the exact answer. Do not explain your answers. Do not respond with sentences. Give exactly one answer.",750,0.5146666666666667,"$0.53909, per: $0.00072","$0.23720, per: $0.00032","$0.77629, per: $0.00104"
tracking_shuffled_objects-three_objects__gpt-3.5-turbo__CoT__CoT-list,tracking_shuffled_objects/three_objects,gpt-3.5-turbo,CoT,Let's think about this step by step.,CoT-list,"You are an instruction following, problem solving agent. Provide concise, practical responses to instructions. Do not explain responses. Give lists of steps.\n 1.\n 2.\n 3.\n ...","You are an instruction following, problem solving agent. Only respond with the exact answer. Do not explain your answers. Do not respond with sentences. Give exactly one answer.",750,0.4573333333333333,"$0.49954, per: $0.00067","$0.14097, per: $0.00019","$0.64051, per: $0.00085"
tracking_shuffled_objects-three_objects__gpt-3.5-turbo__CoT__instruct,tracking_shuffled_objects/three_objects,gpt-3.5-turbo,CoT,Let's think about this step by step.,instruct,"You are an instruction following, problem solving assistant.","You are an instruction following, problem solving agent. Only respond with the exact answer. Do not explain your answers. Do not respond with sentences. Give exactly one answer.",750,0.5346666666666666,"$0.54558, per: $0.00073","$0.23984, per: $0.00032","$0.78543, per: $0.00105"
tracking_shuffled_objects-three_objects__gpt-3.5-turbo__None__ChatGPT-default,tracking_shuffled_objects/three_objects,gpt-3.5-turbo,None,,ChatGPT-default,You are a helpful assistant.,"You are an instruction following, problem solving agent. Only respond with the exact answer. Do not explain your answers. Do not respond with sentences. Give exactly one answer.",750,0.31733333333333336,"$0.37002, per: $0.00049","$0.02521, per: $0.00003","$0.39523, per: $0.00053"
tracking_shuffled_objects-three_objects__gpt-3.5-turbo__None__CoT-list,tracking_shuffled_objects/three_objects,gpt-3.5-turbo,None,,CoT-list,"You are an instruction following, problem solving agent. Provide concise, practical responses to instructions. Do not explain responses. Give lists of steps.\n 1.\n 2.\n 3.\n ...","You are an instruction following, problem solving agent. Only respond with the exact answer. Do not explain your answers. Do not respond with sentences. Give exactly one answer.",750,0.31066666666666665,"$0.41247, per: $0.00055","$0.03828, per: $0.00005","$0.45074, per: $0.00060"
tracking_shuffled_objects-three_objects__gpt-3.5-turbo__None__instruct,tracking_shuffled_objects/three_objects,gpt-3.5-turbo,None,,instruct,"You are an instruction following, problem solving assistant.","You are an instruction following, problem solving agent. Only respond with the exact answer. Do not explain your answers. Do not respond with sentences. Give exactly one answer.",750,0.33066666666666666,"$0.37413, per: $0.00050","$0.02473, per: $0.00003","$0.39886, per: $0.00053"
